{"cameraMode":{"drawMode":0,"name":"Shaded","section":"Shading Mode"},"sceneLighting":true,"audioPlay":false,"sceneViewState":{"m_AlwaysRefresh":false,"showFog":true,"showSkybox":true,"showFlares":true,"showImageEffects":true,"showParticleSystems":true,"showVisualEffectGraphs":true,"m_FxEnabled":true},"in2DMode":false,"pivot":{"x":0.0823456421494484,"y":1.0310395956039429,"z":0.6506170034408569},"rotation":{"x":-0.011993945576250553,"y":0.032084621489048007,"z":-0.0003857601841446012,"w":-0.9994175434112549},"size":1.9902650117874146,"orthographic":false}