{"cameraMode":{"drawMode":0,"name":"Shaded","section":"Shading Mode"},"sceneLighting":true,"audioPlay":false,"sceneViewState":{"m_AlwaysRefresh":false,"showFog":true,"showSkybox":true,"showFlares":true,"showImageEffects":true,"showParticleSystems":true,"showVisualEffectGraphs":true,"m_FxEnabled":true},"in2DMode":false,"pivot":{"x":-1.0287294387817383,"y":0.18191570043563844,"z":-0.28185540437698367},"rotation":{"x":-0.47131550312042239,"y":-0.03421272337436676,"z":0.018298368901014329,"w":-0.8811177611351013},"size":13.8626070022583,"orthographic":false}