{"cameraMode":{"drawMode":0,"name":"Shaded","section":"Shading Mode"},"sceneLighting":false,"audioPlay":false,"sceneViewState":{"m_AlwaysRefresh":false,"showFog":true,"showSkybox":false,"showFlares":true,"showImageEffects":true,"showParticleSystems":true,"showVisualEffectGraphs":true,"m_FxEnabled":true},"in2DMode":false,"pivot":{"x":-0.0036690831184387209,"y":-2.4053800106048586,"z":-0.33355605602264407},"rotation":{"x":-0.058769162744283679,"y":0.017066560685634614,"z":-0.0010038819164037705,"w":-0.9981409907341003},"size":1.0915945768356324,"orthographic":false}