{"cameraMode":{"drawMode":0,"name":"Shaded","section":"Shading Mode"},"sceneLighting":false,"audioPlay":false,"sceneViewState":{"m_AlwaysRefresh":false,"showFog":true,"showSkybox":false,"showFlares":true,"showImageEffects":true,"showParticleSystems":true,"showVisualEffectGraphs":true,"m_FxEnabled":true},"in2DMode":false,"pivot":{"x":6.204681873321533,"y":5.339494705200195,"z":-12.27495288848877},"rotation":{"x":-0.058769162744283679,"y":0.017066560685634614,"z":-0.0010038819164037705,"w":-0.9981409907341003},"size":7.617900848388672,"orthographic":false}